method,oos_period,model,weight
full_gcsr_eigenvector,20,16,0.8772634117565088
full_gcsr_eigenvector,20,23,1.344410693880681e-17
full_gcsr_eigenvector,20,24,0.12273658824249123
full_gcsr_eigenvector,20,89,0.0
full_gcsr_eigenvector,21,16,0.8423411414940273
full_gcsr_eigenvector,21,23,0.0
full_gcsr_eigenvector,21,24,0.1576588585049727
full_gcsr_eigenvector,21,89,6.938893903900289e-18
full_gcsr_eigenvector,22,16,0.8286995565371813
full_gcsr_eigenvector,22,23,0.0
full_gcsr_eigenvector,22,24,0.17130044346181864
full_gcsr_eigenvector,22,89,2.1684043449688403e-18
full_gcsr_eigenvector,23,16,0.47440289646777795
full_gcsr_eigenvector,23,23,0.1622108700413725
full_gcsr_eigenvector,23,24,0.3416379177190151
full_gcsr_eigenvector,23,89,0.021748315770834477
full_gcsr_eigenvector,24,16,0.5227019830295635
full_gcsr_eigenvector,24,23,1.6555258954068743e-18
full_gcsr_eigenvector,24,24,0.29982235514265365
full_gcsr_eigenvector,24,89,0.17747566182678287
full_gcsr_eigenvector,25,16,0.3990087937259507
full_gcsr_eigenvector,25,23,1.5665071396824493e-18
full_gcsr_eigenvector,25,24,0.5152607211503671
full_gcsr_eigenvector,25,89,0.08573048512268201
full_gcsr_eigenvector,26,16,0.32902861375153236
full_gcsr_eigenvector,26,23,0.004105275374000593
full_gcsr_eigenvector,26,24,0.6425818583986747
full_gcsr_eigenvector,26,89,0.024284252474792323
full_gcsr_eigenvector,27,16,0.5394978612601689
full_gcsr_eigenvector,27,23,5.319366908751687e-19
full_gcsr_eigenvector,27,24,0.3363352999134186
full_gcsr_eigenvector,27,89,0.12416683882541249
full_gcsr_eigenvector,28,16,0.4243474614860997
full_gcsr_eigenvector,28,23,1.426178490048201e-17
full_gcsr_eigenvector,28,24,0.5227929668322817
full_gcsr_eigenvector,28,89,0.05285957168061855
full_gcsr_eigenvector,29,16,0.49497971854515477
full_gcsr_eigenvector,29,23,0.0
full_gcsr_eigenvector,29,24,0.3419067516730184
full_gcsr_eigenvector,29,89,0.16311352978082666
full_gcsr_eigenvector,30,16,0.6356463390957012
full_gcsr_eigenvector,30,23,1.780887195676231e-19
full_gcsr_eigenvector,30,24,0.2764018818516335
full_gcsr_eigenvector,30,89,0.0879517790516652
full_gcsr_eigenvector,31,16,0.5501869308510976
full_gcsr_eigenvector,31,23,0.0
full_gcsr_eigenvector,31,24,0.09465073756410247
full_gcsr_eigenvector,31,89,0.3551623315838
full_gcsr_eigenvector,32,16,0.6476876070580669
full_gcsr_eigenvector,32,23,0.019295769022247465
full_gcsr_eigenvector,32,24,0.25750030472439417
full_gcsr_eigenvector,32,89,0.07551631919429137
full_gcsr_eigenvector,33,16,0.5528744876468246
full_gcsr_eigenvector,33,23,0.0
full_gcsr_eigenvector,33,24,0.0859285184839305
full_gcsr_eigenvector,33,89,0.3611969938682449
full_gcsr_eigenvector,34,16,0.5196636789470434
full_gcsr_eigenvector,34,23,0.14767543378426762
full_gcsr_eigenvector,34,24,0.1967959176782292
full_gcsr_eigenvector,34,89,0.13586496958945984
full_gcsr_eigenvector,35,16,0.4716578201148549
full_gcsr_eigenvector,35,23,0.18035909172961884
full_gcsr_eigenvector,35,24,0.1791407303389159
full_gcsr_eigenvector,35,89,0.1688423578156105
full_gcsr_eigenvector,36,16,0.4794419223219839
full_gcsr_eigenvector,36,23,0.1835177396692009
full_gcsr_eigenvector,36,24,0.2030707150983482
full_gcsr_eigenvector,36,89,0.13396962290946707
full_gcsr_eigenvector,37,16,0.6061557175273274
full_gcsr_eigenvector,37,23,0.09123743968977174
full_gcsr_eigenvector,37,24,0.2466186119100215
full_gcsr_eigenvector,37,89,0.0559882308718793
full_gcsr_eigenvector,38,16,0.45804123429637866
full_gcsr_eigenvector,38,23,1.1860578843916479e-18
full_gcsr_eigenvector,38,24,0.42616942377873157
full_gcsr_eigenvector,38,89,0.11578934192388976
full_gcsr_eigenvector,39,16,0.2739532667460981
full_gcsr_eigenvector,39,23,0.12051305704983845
full_gcsr_eigenvector,39,24,0.25973174469041266
full_gcsr_eigenvector,39,89,0.34580193151265076
full_gcsr_eigenvector,40,16,0.2816531760481321
full_gcsr_eigenvector,40,23,0.07711484768040222
full_gcsr_eigenvector,40,24,0.20431744058536402
full_gcsr_eigenvector,40,89,0.4369145356851016
full_gcsr_eigenvector,41,16,0.011706533699728355
full_gcsr_eigenvector,41,23,0.1541644301495003
full_gcsr_eigenvector,41,24,0.024313571637929885
full_gcsr_eigenvector,41,89,0.8098154645118414
full_gcsr_eigenvector,42,16,0.0
full_gcsr_eigenvector,42,23,5.551115123120231e-17
full_gcsr_eigenvector,42,24,0.0
full_gcsr_eigenvector,42,89,0.9999999999989998
full_gcsr_eigenvector,43,16,0.135953303869316
full_gcsr_eigenvector,43,23,0.00043462516324453693
full_gcsr_eigenvector,43,24,0.0
full_gcsr_eigenvector,43,89,0.8636120709664394
full_gcsr_eigenvector,44,16,0.9999999999989997
full_gcsr_eigenvector,44,23,0.0
full_gcsr_eigenvector,44,24,2.775557561560115e-16
full_gcsr_eigenvector,44,89,0.0
full_gcsr_eigenvector,45,16,0.45339887886748714
full_gcsr_eigenvector,45,23,0.19930967642198022
full_gcsr_eigenvector,45,24,0.17346032750961082
full_gcsr_eigenvector,45,89,0.1738311171999217
full_gcsr_eigenvector,46,16,0.42815026404984907
full_gcsr_eigenvector,46,23,0.22297435240530825
full_gcsr_eigenvector,46,24,0.28144201634676225
full_gcsr_eigenvector,46,89,0.06743336719708061
full_gcsr_eigenvector,47,16,0.25609118705701317
full_gcsr_eigenvector,47,23,0.016232099211580163
full_gcsr_eigenvector,47,24,0.7276767137304067
full_gcsr_eigenvector,47,89,1.5411845909649101e-16
full_gcsr_eigenvector,48,16,0.26439567582942214
full_gcsr_eigenvector,48,23,0.012718418509609863
full_gcsr_eigenvector,48,24,0.7228859056599679
full_gcsr_eigenvector,48,89,0.0
full_gcsr_eigenvector,49,16,0.4973830919056022
full_gcsr_eigenvector,49,23,0.10320053206991238
full_gcsr_eigenvector,49,24,0.3501730411627162
full_gcsr_eigenvector,49,89,0.04924333486076914
full_gcsr_pagerank,20,16,0.820781522067685
full_gcsr_pagerank,20,23,0.0003360206497478925
full_gcsr_pagerank,20,24,0.17888245728156701
full_gcsr_pagerank,20,89,0.0
full_gcsr_pagerank,21,16,0.7705965968478476
full_gcsr_pagerank,21,23,0.0
full_gcsr_pagerank,21,24,0.2294034031511522
full_gcsr_pagerank,21,89,1.561251128377565e-17
full_gcsr_pagerank,22,16,0.7614623548981932
full_gcsr_pagerank,22,23,8.8037265393568e-18
full_gcsr_pagerank,22,24,0.23853764510080666
full_gcsr_pagerank,22,89,2.6020852139626083e-18
full_gcsr_pagerank,23,16,0.5050615031425366
full_gcsr_pagerank,23,23,0.05733118863794426
full_gcsr_pagerank,23,24,0.3654919914769281
full_gcsr_pagerank,23,89,0.07211531674159107
full_gcsr_pagerank,24,16,0.4576397450618862
full_gcsr_pagerank,24,23,0.04724062929630387
full_gcsr_pagerank,24,24,0.39334125619947546
full_gcsr_pagerank,24,89,0.10177836944133437
full_gcsr_pagerank,25,16,0.3990087937259507
full_gcsr_pagerank,25,23,1.5665071396824493e-18
full_gcsr_pagerank,25,24,0.5152607211503671
full_gcsr_pagerank,25,89,0.08573048512268201
full_gcsr_pagerank,26,16,0.34726641090634286
full_gcsr_pagerank,26,23,0.0485498450295545
full_gcsr_pagerank,26,24,0.544630208161555
full_gcsr_pagerank,26,89,0.05955353590154767
full_gcsr_pagerank,27,16,0.5661835087780046
full_gcsr_pagerank,27,23,1.4743436179327666e-18
full_gcsr_pagerank,27,24,0.347863430865227
full_gcsr_pagerank,27,89,0.08595306035576832
full_gcsr_pagerank,28,16,0.4243474614860997
full_gcsr_pagerank,28,23,1.426178490048201e-17
full_gcsr_pagerank,28,24,0.5227929668322817
full_gcsr_pagerank,28,89,0.05285957168061855
full_gcsr_pagerank,29,16,0.52201319345724
full_gcsr_pagerank,29,23,6.098637220224863e-20
full_gcsr_pagerank,29,24,0.38842729059551345
full_gcsr_pagerank,29,89,0.0895595159462465
full_gcsr_pagerank,30,16,0.6356463390957012
full_gcsr_pagerank,30,23,1.780887195676231e-19
full_gcsr_pagerank,30,24,0.2764018818516335
full_gcsr_pagerank,30,89,0.0879517790516652
full_gcsr_pagerank,31,16,0.4905415480256959
full_gcsr_pagerank,31,23,0.0
full_gcsr_pagerank,31,24,0.0
full_gcsr_pagerank,31,89,0.5094584519733041
full_gcsr_pagerank,32,16,0.6476876070580669
full_gcsr_pagerank,32,23,0.019295769022247465
full_gcsr_pagerank,32,24,0.25750030472439417
full_gcsr_pagerank,32,89,0.07551631919429137
full_gcsr_pagerank,33,16,0.4614230843384629
full_gcsr_pagerank,33,23,0.08711894689456524
full_gcsr_pagerank,33,24,0.0
full_gcsr_pagerank,33,89,0.45145796876597183
full_gcsr_pagerank,34,16,0.5196636789470434
full_gcsr_pagerank,34,23,0.14767543378426762
full_gcsr_pagerank,34,24,0.1967959176782292
full_gcsr_pagerank,34,89,0.13586496958945984
full_gcsr_pagerank,35,16,0.5302047844758048
full_gcsr_pagerank,35,23,0.16541610501226223
full_gcsr_pagerank,35,24,0.1755335758712753
full_gcsr_pagerank,35,89,0.12884553463965773
full_gcsr_pagerank,36,16,0.4794419223219839
full_gcsr_pagerank,36,23,0.1835177396692009
full_gcsr_pagerank,36,24,0.2030707150983482
full_gcsr_pagerank,36,89,0.13396962290946707
full_gcsr_pagerank,37,16,0.6061557175273274
full_gcsr_pagerank,37,23,0.09123743968977174
full_gcsr_pagerank,37,24,0.2466186119100215
full_gcsr_pagerank,37,89,0.0559882308718793
full_gcsr_pagerank,38,16,0.5440851742859365
full_gcsr_pagerank,38,23,0.10433332385030876
full_gcsr_pagerank,38,24,0.3515815018627547
full_gcsr_pagerank,38,89,0.0
full_gcsr_pagerank,39,16,0.2739532667460981
full_gcsr_pagerank,39,23,0.12051305704983845
full_gcsr_pagerank,39,24,0.25973174469041266
full_gcsr_pagerank,39,89,0.34580193151265076
full_gcsr_pagerank,40,16,0.3285417458120757
full_gcsr_pagerank,40,23,1.0147856269060779e-16
full_gcsr_pagerank,40,24,0.28315059661683034
full_gcsr_pagerank,40,89,0.38830765757009383
full_gcsr_pagerank,41,16,0.0325174747723714
full_gcsr_pagerank,41,23,0.164730439998696
full_gcsr_pagerank,41,24,0.03244189277052878
full_gcsr_pagerank,41,89,0.7703101924574037
full_gcsr_pagerank,42,16,0.0
full_gcsr_pagerank,42,23,0.0
full_gcsr_pagerank,42,24,1.3877787807800575e-16
full_gcsr_pagerank,42,89,0.9999999999989997
full_gcsr_pagerank,43,16,0.017981689164189442
full_gcsr_pagerank,43,23,0.0
full_gcsr_pagerank,43,24,7.253312533920771e-17
full_gcsr_pagerank,43,89,0.9820183108348104
full_gcsr_pagerank,44,16,0.5635657843555536
full_gcsr_pagerank,44,23,0.0
full_gcsr_pagerank,44,24,0.1684059134663942
full_gcsr_pagerank,44,89,0.2680283021770521
full_gcsr_pagerank,45,16,0.45339887886748714
full_gcsr_pagerank,45,23,0.19930967642198022
full_gcsr_pagerank,45,24,0.17346032750961082
full_gcsr_pagerank,45,89,0.1738311171999217
full_gcsr_pagerank,46,16,0.4194557874728259
full_gcsr_pagerank,46,23,0.19152556956233396
full_gcsr_pagerank,46,24,0.3842697054372535
full_gcsr_pagerank,46,89,0.004748937526586782
full_gcsr_pagerank,47,16,0.3392273681517306
full_gcsr_pagerank,47,23,0.004727003398816421
full_gcsr_pagerank,47,24,0.6560456284484529
full_gcsr_pagerank,47,89,0.0
full_gcsr_pagerank,48,16,0.3260466007823115
full_gcsr_pagerank,48,23,0.014408128274947701
full_gcsr_pagerank,48,24,0.6595452709417406
full_gcsr_pagerank,48,89,8.634852684343544e-17
full_gcsr_pagerank,49,16,0.4973830919056022
full_gcsr_pagerank,49,23,0.10320053206991238
full_gcsr_pagerank,49,24,0.3501730411627162
full_gcsr_pagerank,49,89,0.04924333486076914
full_gcsr_softmax,20,16,0.8382536272591479
full_gcsr_softmax,20,23,6.938893903900289e-18
full_gcsr_softmax,20,24,0.1617463727398521
full_gcsr_softmax,20,89,3.2255014631411498e-18
full_gcsr_softmax,21,16,0.7557019390783243
full_gcsr_softmax,21,23,4.3368086899376805e-18
full_gcsr_softmax,21,24,0.24429806092067574
full_gcsr_softmax,21,89,1.2143064331825506e-17
full_gcsr_softmax,22,16,0.7501871213200445
full_gcsr_softmax,22,23,5.1156609537943424e-18
full_gcsr_softmax,22,24,0.24157036959790895
full_gcsr_softmax,22,89,0.008242509081046462
full_gcsr_softmax,23,16,0.4540428627666122
full_gcsr_softmax,23,23,7.806255641887825e-18
full_gcsr_softmax,23,24,0.5459571372323878
full_gcsr_softmax,23,89,0.0
full_gcsr_softmax,24,16,0.47538017602863436
full_gcsr_softmax,24,23,0.033589571137251306
full_gcsr_softmax,24,24,0.3686819931622748
full_gcsr_softmax,24,89,0.1223482596708396
full_gcsr_softmax,25,16,0.3990087937259507
full_gcsr_softmax,25,23,1.5665071396824493e-18
full_gcsr_softmax,25,24,0.5152607211503671
full_gcsr_softmax,25,89,0.08573048512268201
full_gcsr_softmax,26,16,0.3476294473906106
full_gcsr_softmax,26,23,0.0
full_gcsr_softmax,26,24,0.5249585616270047
full_gcsr_softmax,26,89,0.12741199098138462
full_gcsr_softmax,27,16,0.41476652865117636
full_gcsr_softmax,27,23,0.0
full_gcsr_softmax,27,24,0.5852334713478236
full_gcsr_softmax,27,89,0.0
full_gcsr_softmax,28,16,0.42209592162172543
full_gcsr_softmax,28,23,7.298035873535753e-18
full_gcsr_softmax,28,24,0.5441458200614909
full_gcsr_softmax,28,89,0.03375825831578364
full_gcsr_softmax,29,16,0.5228984058708858
full_gcsr_softmax,29,23,0.004456716573860495
full_gcsr_softmax,29,24,0.0977777095276191
full_gcsr_softmax,29,89,0.37486716802663467
full_gcsr_softmax,30,16,0.5423273867513572
full_gcsr_softmax,30,23,0.009332909287895187
full_gcsr_softmax,30,24,0.3535426008278802
full_gcsr_softmax,30,89,0.09479710313186743
full_gcsr_softmax,31,16,0.6187070634863617
full_gcsr_softmax,31,23,0.0003041738074309184
full_gcsr_softmax,31,24,0.27584053571756595
full_gcsr_softmax,31,89,0.10514822698764134
full_gcsr_softmax,32,16,0.6435366237684613
full_gcsr_softmax,32,23,4.708832088999395e-19
full_gcsr_softmax,32,24,0.25252514288028866
full_gcsr_softmax,32,89,0.10393823335025
full_gcsr_softmax,33,16,0.443586096414018
full_gcsr_softmax,33,23,0.1515894311310733
full_gcsr_softmax,33,24,0.09006169311215009
full_gcsr_softmax,33,89,0.3147627793417585
full_gcsr_softmax,34,16,0.5196636789470434
full_gcsr_softmax,34,23,0.14767543378426762
full_gcsr_softmax,34,24,0.1967959176782292
full_gcsr_softmax,34,89,0.13586496958945984
full_gcsr_softmax,35,16,0.5302047844758048
full_gcsr_softmax,35,23,0.16541610501226223
full_gcsr_softmax,35,24,0.1755335758712753
full_gcsr_softmax,35,89,0.12884553463965773
full_gcsr_softmax,36,16,0.4794419223219839
full_gcsr_softmax,36,23,0.1835177396692009
full_gcsr_softmax,36,24,0.2030707150983482
full_gcsr_softmax,36,89,0.13396962290946707
full_gcsr_softmax,37,16,0.6995749505546823
full_gcsr_softmax,37,23,0.047171351886489445
full_gcsr_softmax,37,24,0.2532536975578282
full_gcsr_softmax,37,89,2.1735262473217636e-18
full_gcsr_softmax,38,16,0.5237657786910316
full_gcsr_softmax,38,23,0.11532529985285551
full_gcsr_softmax,38,24,0.3609089214551128
full_gcsr_softmax,38,89,1.9555873169714103e-18
full_gcsr_softmax,39,16,0.2739532667460981
full_gcsr_softmax,39,23,0.12051305704983845
full_gcsr_softmax,39,24,0.25973174469041266
full_gcsr_softmax,39,89,0.34580193151265076
full_gcsr_softmax,40,16,0.2816531760481321
full_gcsr_softmax,40,23,0.07711484768040222
full_gcsr_softmax,40,24,0.20431744058536402
full_gcsr_softmax,40,89,0.4369145356851016
full_gcsr_softmax,41,16,0.022279684725135234
full_gcsr_softmax,41,23,0.15755501646008016
full_gcsr_softmax,41,24,0.027160438392468917
full_gcsr_softmax,41,89,0.7930048604213157
full_gcsr_softmax,42,16,0.0
full_gcsr_softmax,42,23,0.0
full_gcsr_softmax,42,24,6.938893903900289e-18
full_gcsr_softmax,42,89,0.9999999999989999
full_gcsr_softmax,43,16,0.4961335554833741
full_gcsr_softmax,43,23,0.21652076205693746
full_gcsr_softmax,43,24,0.0008658824462900606
full_gcsr_softmax,43,89,0.2864798000123983
full_gcsr_softmax,44,16,0.459864666021022
full_gcsr_softmax,44,23,0.22892615582603246
full_gcsr_softmax,44,24,0.09438558227754859
full_gcsr_softmax,44,89,0.2168235958743969
full_gcsr_softmax,45,16,0.9999999999989995
full_gcsr_softmax,45,23,3.885780586184161e-16
full_gcsr_softmax,45,24,0.0
full_gcsr_softmax,45,89,0.0
full_gcsr_softmax,46,16,0.42815026404984907
full_gcsr_softmax,46,23,0.22297435240530825
full_gcsr_softmax,46,24,0.28144201634676225
full_gcsr_softmax,46,89,0.06743336719708061
full_gcsr_softmax,47,16,0.2560848832685676
full_gcsr_softmax,47,23,0.01623198411276276
full_gcsr_softmax,47,24,0.7276831326176696
full_gcsr_softmax,47,89,7.822688081064542e-17
full_gcsr_softmax,48,16,0.2587011650534218
full_gcsr_softmax,48,23,0.012771178377339354
full_gcsr_softmax,48,24,0.7285276565682387
full_gcsr_softmax,48,89,0.0
full_gcsr_softmax,49,16,0.4973830919056022
full_gcsr_softmax,49,23,0.10320053206991238
full_gcsr_softmax,49,24,0.3501730411627162
full_gcsr_softmax,49,89,0.04924333486076914
graph_only_eigenvector,20,16,0.999453544161261
graph_only_eigenvector,20,23,0.0005460138286222144
graph_only_eigenvector,20,24,3.8301079887844926e-07
graph_only_eigenvector,20,89,5.899931798576243e-08
graph_only_eigenvector,21,16,0.9950777590836892
graph_only_eigenvector,21,23,1.1263199910968917e-07
graph_only_eigenvector,21,24,0.004116171296711345
graph_only_eigenvector,21,89,0.0008059569876003933
graph_only_eigenvector,22,16,0.9306020061274491
graph_only_eigenvector,22,23,0.05123152496512076
graph_only_eigenvector,22,24,0.018164269533992396
graph_only_eigenvector,22,89,2.1993734377617327e-06
graph_only_eigenvector,23,16,3.818020155143364e-09
graph_only_eigenvector,23,23,0.9975136748335534
graph_only_eigenvector,23,24,0.0002684318278911559
graph_only_eigenvector,23,89,0.0022178895205353264
graph_only_eigenvector,24,16,0.4996233098526952
graph_only_eigenvector,24,23,0.0003555274110568216
graph_only_eigenvector,24,24,0.0003978528835527123
graph_only_eigenvector,24,89,0.4996233098526952
graph_only_eigenvector,25,16,3.1373914270208197e-09
graph_only_eigenvector,25,23,0.9114261307524719
graph_only_eigenvector,25,24,0.001187093554241074
graph_only_eigenvector,25,89,0.08738677255589562
graph_only_eigenvector,26,16,0.21355223794894723
graph_only_eigenvector,26,23,0.1306450725092573
graph_only_eigenvector,26,24,0.6553784787269166
graph_only_eigenvector,26,89,0.00042421081487893604
graph_only_eigenvector,27,16,0.9861603010810844
graph_only_eigenvector,27,23,4.3867014339985576e-07
graph_only_eigenvector,27,24,0.01363435205870813
graph_only_eigenvector,27,89,0.000204908190064023
graph_only_eigenvector,28,16,0.0005960435142106877
graph_only_eigenvector,28,23,0.0001291311154251213
graph_only_eigenvector,28,24,0.9992747179619242
graph_only_eigenvector,28,89,1.074084399040271e-07
graph_only_eigenvector,29,16,0.017999839156871415
graph_only_eigenvector,29,23,0.21737709453377196
graph_only_eigenvector,29,24,0.0808925479548299
graph_only_eigenvector,29,89,0.6837305183545267
graph_only_eigenvector,30,16,7.300693252745051e-05
graph_only_eigenvector,30,23,0.4535867757967942
graph_only_eigenvector,30,24,0.34132521482011363
graph_only_eigenvector,30,89,0.20501500245056478
graph_only_eigenvector,31,16,5.247520878044506e-07
graph_only_eigenvector,31,23,0.0019773176159072255
graph_only_eigenvector,31,24,0.0004966975129848629
graph_only_eigenvector,31,89,0.9975254601190201
graph_only_eigenvector,32,16,0.9424946412007601
graph_only_eigenvector,32,23,0.025058444336193114
graph_only_eigenvector,32,24,0.032439365670695
graph_only_eigenvector,32,89,7.548792351768384e-06
graph_only_eigenvector,33,16,4.970932999894162e-08
graph_only_eigenvector,33,23,0.002033658700347479
graph_only_eigenvector,33,24,7.177397061801556e-06
graph_only_eigenvector,33,89,0.9979591141932608
graph_only_eigenvector,34,16,0.3435620240540381
graph_only_eigenvector,34,23,0.34465970208923147
graph_only_eigenvector,34,24,0.311742980422952
graph_only_eigenvector,34,89,3.529343377843869e-05
graph_only_eigenvector,35,16,0.9903457375014787
graph_only_eigenvector,35,23,0.00771007809226703
graph_only_eigenvector,35,24,0.0019438265594648287
graph_only_eigenvector,35,89,3.578467894742606e-07
graph_only_eigenvector,36,16,2.617857131333737e-05
graph_only_eigenvector,36,23,0.9161318696659956
graph_only_eigenvector,36,24,0.08384029632434596
graph_only_eigenvector,36,89,1.655438345205057e-06
graph_only_eigenvector,37,16,1.9396076683487013e-05
graph_only_eigenvector,37,23,0.5574397471568442
graph_only_eigenvector,37,24,0.4425401346919199
graph_only_eigenvector,37,89,7.22074552353097e-07
graph_only_eigenvector,38,16,0.2386429224072897
graph_only_eigenvector,38,23,0.19198649933366949
graph_only_eigenvector,38,24,0.5693694413418487
graph_only_eigenvector,38,89,1.1369171920377666e-06
graph_only_eigenvector,39,16,3.841721584113041e-08
graph_only_eigenvector,39,23,4.990798435698072e-05
graph_only_eigenvector,39,24,0.00040531847425268595
graph_only_eigenvector,39,89,0.9995447351241745
graph_only_eigenvector,40,16,0.10098262415467313
graph_only_eigenvector,40,23,0.0001260743287909494
graph_only_eigenvector,40,24,0.006577237208480433
graph_only_eigenvector,40,89,0.8923140643080555
graph_only_eigenvector,41,16,0.0004455335464091346
graph_only_eigenvector,41,23,8.712638634202203e-06
graph_only_eigenvector,41,24,1.8552376286544608e-06
graph_only_eigenvector,41,89,0.9995438985773281
graph_only_eigenvector,42,16,3.810553708214154e-07
graph_only_eigenvector,42,23,0.03372696672536936
graph_only_eigenvector,42,24,0.03271097893495552
graph_only_eigenvector,42,89,0.9335616732843044
graph_only_eigenvector,43,16,0.04894207113914668
graph_only_eigenvector,43,23,0.009714610142673273
graph_only_eigenvector,43,24,1.7868301609401414e-05
graph_only_eigenvector,43,89,0.9413254504165707
graph_only_eigenvector,44,16,0.9225584414785756
graph_only_eigenvector,44,23,0.03922590329286826
graph_only_eigenvector,44,24,0.014055491273220715
graph_only_eigenvector,44,89,0.02416016395533545
graph_only_eigenvector,45,16,0.27232778008818553
graph_only_eigenvector,45,23,0.04344579397466395
graph_only_eigenvector,45,24,0.5346303093258011
graph_only_eigenvector,45,89,0.1495961166113494
graph_only_eigenvector,46,16,0.0022822650327070874
graph_only_eigenvector,46,23,0.0010915573317971958
graph_only_eigenvector,46,24,0.9966243635014425
graph_only_eigenvector,46,89,1.8141340533436225e-06
graph_only_eigenvector,47,16,1.048442726580088e-05
graph_only_eigenvector,47,23,6.375442903941815e-07
graph_only_eigenvector,47,24,0.9999883731033039
graph_only_eigenvector,47,89,5.049251398849616e-07
graph_only_eigenvector,48,16,0.010047677808111272
graph_only_eigenvector,48,23,0.00028434410786133636
graph_only_eigenvector,48,24,0.989650317029163
graph_only_eigenvector,48,89,1.7661054864432647e-05
graph_only_eigenvector,49,16,0.000430300059405332
graph_only_eigenvector,49,23,0.0011404744682418139
graph_only_eigenvector,49,24,6.893282457330867e-07
graph_only_eigenvector,49,89,0.9984285361441071
graph_only_pagerank,20,16,0.5054743165175509
graph_only_pagerank,20,23,0.20468164217855472
graph_only_pagerank,20,24,0.14493074904391484
graph_only_pagerank,20,89,0.14491329225997954
graph_only_pagerank,21,16,0.47046427434243465
graph_only_pagerank,21,23,0.13747365829776736
graph_only_pagerank,21,24,0.22258799589655598
graph_only_pagerank,21,89,0.16947407146324195
graph_only_pagerank,22,16,0.4637466730902027
graph_only_pagerank,22,23,0.15925249911932568
graph_only_pagerank,22,24,0.24095465975880362
graph_only_pagerank,22,89,0.13604616803166805
graph_only_pagerank,23,16,0.1393672935173691
graph_only_pagerank,23,23,0.47937549890526626
graph_only_pagerank,23,24,0.1395870564662729
graph_only_pagerank,23,89,0.2416701511110916
graph_only_pagerank,24,16,0.17359086788313147
graph_only_pagerank,24,23,0.3202137970803656
graph_only_pagerank,24,24,0.33260446715337144
graph_only_pagerank,24,89,0.17359086788313147
graph_only_pagerank,25,16,0.0375
graph_only_pagerank,25,23,0.3221860945163809
graph_only_pagerank,25,24,0.31177206805264884
graph_only_pagerank,25,89,0.32854183743097015
graph_only_pagerank,26,16,0.3170363712720491
graph_only_pagerank,26,23,0.3172443070304518
graph_only_pagerank,26,24,0.31742104283670547
graph_only_pagerank,26,89,0.048298278860793534
graph_only_pagerank,27,16,0.48378490467227986
graph_only_pagerank,27,23,0.14030429224285945
graph_only_pagerank,27,24,0.2282268535074307
graph_only_pagerank,27,89,0.14768394957743003
graph_only_pagerank,28,16,0.16356502493231434
graph_only_pagerank,28,23,0.19330229213470052
graph_only_pagerank,28,24,0.49949087252204966
graph_only_pagerank,28,89,0.14364181041093557
graph_only_pagerank,29,16,0.05831330320015241
graph_only_pagerank,29,23,0.2889120119753634
graph_only_pagerank,29,24,0.3325809106968459
graph_only_pagerank,29,89,0.32019377412763816
graph_only_pagerank,30,16,0.3202137970803656
graph_only_pagerank,30,23,0.22495475651765284
graph_only_pagerank,30,24,0.33260446715337144
graph_only_pagerank,30,89,0.1222269792486101
graph_only_pagerank,31,16,0.13808802410195203
graph_only_pagerank,31,23,0.25035286751020935
graph_only_pagerank,31,24,0.13820370084924088
graph_only_pagerank,31,89,0.47335540753859773
graph_only_pagerank,32,16,0.39239999217789
graph_only_pagerank,32,23,0.2880498248345654
graph_only_pagerank,32,24,0.16384757496886043
graph_only_pagerank,32,89,0.15570260801868407
graph_only_pagerank,33,16,0.13164091240528816
graph_only_pagerank,33,23,0.2666435226259047
graph_only_pagerank,33,24,0.15869950659098042
graph_only_pagerank,33,89,0.4430160583778267
graph_only_pagerank,34,16,0.18268572035443664
graph_only_pagerank,34,23,0.39758991515528624
graph_only_pagerank,34,24,0.2769058583033456
graph_only_pagerank,34,89,0.14281850618693154
graph_only_pagerank,35,16,0.4700249476573491
graph_only_pagerank,35,23,0.23393481640384103
graph_only_pagerank,35,24,0.15865993456162322
graph_only_pagerank,35,89,0.13738030137718668
graph_only_pagerank,36,16,0.14283120634734278
graph_only_pagerank,36,23,0.4955715031238351
graph_only_pagerank,36,24,0.2187883461150072
graph_only_pagerank,36,89,0.14280894441381498
graph_only_pagerank,37,16,0.1754425388356939
graph_only_pagerank,37,23,0.4062772108440382
graph_only_pagerank,37,24,0.2944463430159099
graph_only_pagerank,37,89,0.12383390730435813
graph_only_pagerank,38,16,0.33258002977936335
graph_only_pagerank,38,23,0.32022596131674563
graph_only_pagerank,38,24,0.30969400890389104
graph_only_pagerank,38,89,0.0375
graph_only_pagerank,39,16,0.15012255859067739
graph_only_pagerank,39,23,0.1501425499296889
graph_only_pagerank,39,24,0.16974638046468116
graph_only_pagerank,39,89,0.5299885110149525
graph_only_pagerank,40,16,0.320211465193877
graph_only_pagerank,40,23,0.041671634625995664
graph_only_pagerank,40,24,0.3055151764314459
graph_only_pagerank,40,89,0.33260172374868147
graph_only_pagerank,41,16,0.21149311462387185
graph_only_pagerank,41,23,0.14828261017611277
graph_only_pagerank,41,24,0.14313208946804393
graph_only_pagerank,41,89,0.4970921857319715
graph_only_pagerank,42,16,0.13578764217122108
graph_only_pagerank,42,23,0.15049429431338304
graph_only_pagerank,42,24,0.2511879827096497
graph_only_pagerank,42,89,0.46253008080574626
graph_only_pagerank,43,16,0.19440792909570373
graph_only_pagerank,43,23,0.20290377064980675
graph_only_pagerank,43,24,0.13655361963223014
graph_only_pagerank,43,89,0.4661346806222595
graph_only_pagerank,44,16,0.32294047010167204
graph_only_pagerank,44,23,0.06269438425031255
graph_only_pagerank,44,24,0.3119994028696447
graph_only_pagerank,44,89,0.3023657427783707
graph_only_pagerank,45,16,0.16937115725331076
graph_only_pagerank,45,23,0.2991817214444561
graph_only_pagerank,45,24,0.30786084143044445
graph_only_pagerank,45,89,0.2235862798717887
graph_only_pagerank,46,16,0.23939611725160934
graph_only_pagerank,46,23,0.19866100405048975
graph_only_pagerank,46,24,0.43253020923538216
graph_only_pagerank,46,89,0.12941266946251873
graph_only_pagerank,47,16,0.20883080346750243
graph_only_pagerank,47,23,0.14509180761150697
graph_only_pagerank,47,24,0.5019194960173118
graph_only_pagerank,47,89,0.14415789290367875
graph_only_pagerank,48,16,0.19945923056515705
graph_only_pagerank,48,23,0.15528101045054246
graph_only_pagerank,48,24,0.5012451620489077
graph_only_pagerank,48,89,0.14401459693539287
graph_only_pagerank,49,16,0.19330140255882597
graph_only_pagerank,49,23,0.18792486380471596
graph_only_pagerank,49,24,0.1393727162043277
graph_only_pagerank,49,89,0.47940101743213037
graph_only_softmax,20,16,0.6631205129930623
graph_only_softmax,20,23,0.18199396115216093
graph_only_softmax,20,24,0.10622113174294184
graph_only_softmax,20,89,0.04866439411183502
graph_only_softmax,21,16,0.4641477995069662
graph_only_softmax,21,23,0.02247463554538177
graph_only_softmax,21,24,0.3705411095133431
graph_only_softmax,21,89,0.14283645543430895
graph_only_softmax,22,16,0.34378148772949835
graph_only_softmax,22,23,0.21907719619064386
graph_only_softmax,22,24,0.20335084290420957
graph_only_softmax,22,89,0.23379047317564802
graph_only_softmax,23,16,3.3422135810049014e-08
graph_only_softmax,23,23,0.0033224933668333993
graph_only_softmax,23,24,0.986737459005281
graph_only_softmax,23,89,0.00994001420574986
graph_only_softmax,24,16,0.25267230700488463
graph_only_softmax,24,23,0.25878577891520715
graph_only_softmax,24,24,0.2358696070750237
graph_only_softmax,24,89,0.25267230700488463
graph_only_softmax,25,16,0.009873936080371511
graph_only_softmax,25,23,0.21228473803559195
graph_only_softmax,25,24,0.7372903930386293
graph_only_softmax,25,89,0.04055093284540725
graph_only_softmax,26,16,0.25211125879865226
graph_only_softmax,26,23,0.23609149736199073
graph_only_softmax,26,24,0.25610214398819264
graph_only_softmax,26,89,0.25569509985116434
graph_only_softmax,27,16,0.2658033547074313
graph_only_softmax,27,23,0.21554442381548825
graph_only_softmax,27,24,0.26875920183851365
graph_only_softmax,27,89,0.24989301963856678
graph_only_softmax,28,16,0.25634608258608765
graph_only_softmax,28,23,0.2145004513442107
graph_only_softmax,28,24,0.33514644509200325
graph_only_softmax,28,89,0.19400702097769845
graph_only_softmax,29,16,0.22718650473023969
graph_only_softmax,29,23,0.2789965675212464
graph_only_softmax,29,24,0.1254426179135165
graph_only_softmax,29,89,0.3683743098349975
graph_only_softmax,30,16,0.23346840858062484
graph_only_softmax,30,23,0.25300268184735347
graph_only_softmax,30,24,0.2581090344597272
graph_only_softmax,30,89,0.25541987511229464
graph_only_softmax,31,16,0.23450126346289354
graph_only_softmax,31,23,0.2626259291346515
graph_only_softmax,31,24,0.24983642481326288
graph_only_softmax,31,89,0.25303638258919214
graph_only_softmax,32,16,0.2574898288643883
graph_only_softmax,32,23,0.24304785152609298
graph_only_softmax,32,24,0.2504381081012567
graph_only_softmax,32,89,0.249024211508262
graph_only_softmax,33,16,0.19432652547163629
graph_only_softmax,33,23,0.2715510206716041
graph_only_softmax,33,24,0.21993371007620705
graph_only_softmax,33,89,0.31418874378055256
graph_only_softmax,34,16,0.24575150200558116
graph_only_softmax,34,23,0.2659981502909017
graph_only_softmax,34,24,0.2440937639665792
graph_only_softmax,34,89,0.24415658373693805
graph_only_softmax,35,16,0.2983219482394398
graph_only_softmax,35,23,0.3561912753995888
graph_only_softmax,35,24,0.23130167641091154
graph_only_softmax,35,89,0.11418509995006006
graph_only_softmax,36,16,0.2124881672589956
graph_only_softmax,36,23,0.3185081291927404
graph_only_softmax,36,24,0.3196414179667526
graph_only_softmax,36,89,0.1493622855815115
graph_only_softmax,37,16,0.5488269908158768
graph_only_softmax,37,23,0.19504994375164336
graph_only_softmax,37,24,0.24326742078477784
graph_only_softmax,37,89,0.012855644647701945
graph_only_softmax,38,16,0.26689268369075947
graph_only_softmax,38,23,0.2648211571713005
graph_only_softmax,38,24,0.2596368067226653
graph_only_softmax,38,89,0.20864935241527477
graph_only_softmax,39,16,0.0207534168779155
graph_only_softmax,39,23,0.22339817992730043
graph_only_softmax,39,24,0.1284983667846136
graph_only_softmax,39,89,0.6273500364101705
graph_only_softmax,40,16,0.16117484815893904
graph_only_softmax,40,23,0.14631398812718238
graph_only_softmax,40,24,0.18212870551235927
graph_only_softmax,40,89,0.5103824582015194
graph_only_softmax,41,16,0.08909354964644256
graph_only_softmax,41,23,0.011761051905006448
graph_only_softmax,41,24,0.009297223659743387
graph_only_softmax,41,89,0.8898481747888076
graph_only_softmax,42,16,7.000423169367089e-07
graph_only_softmax,42,23,0.0005378744589854481
graph_only_softmax,42,24,0.0007849612216128084
graph_only_softmax,42,89,0.9986764642770848
graph_only_softmax,43,16,0.6639430065110411
graph_only_softmax,43,23,0.17123707269863725
graph_only_softmax,43,24,0.0054401137000453965
graph_only_softmax,43,89,0.15937980709027622
graph_only_softmax,44,16,6.069971797554944e-23
graph_only_softmax,44,23,3.407377230816593e-14
graph_only_softmax,44,24,0.9999999999999643
graph_only_softmax,44,89,1.6777532806118138e-15
graph_only_softmax,45,16,0.7358155753534658
graph_only_softmax,45,23,0.0010939952721815893
graph_only_softmax,45,24,0.25922925931749047
graph_only_softmax,45,89,0.0038611700568622937
graph_only_softmax,46,16,1.2459230142800462e-14
graph_only_softmax,46,23,3.016886347548089e-13
graph_only_softmax,46,24,0.9999999999996858
graph_only_softmax,46,89,8.106258888823739e-24
graph_only_softmax,47,16,6.674406591899115e-21
graph_only_softmax,47,23,5.738881200685451e-50
graph_only_softmax,47,24,1.0
graph_only_softmax,47,89,1.567481552411905e-39
graph_only_softmax,48,16,9.70732811531884e-09
graph_only_softmax,48,23,8.388449704045762e-17
graph_only_softmax,48,24,0.9999999902923374
graph_only_softmax,48,89,3.3437354991227594e-13
graph_only_softmax,49,16,0.00011639528672875928
graph_only_softmax,49,23,0.00018742961866831894
graph_only_softmax,49,24,5.183653221467678e-08
graph_only_softmax,49,89,0.9996961232580707
rs_selection,20,16,1.0
rs_selection,20,23,0.0
rs_selection,20,24,0.0
rs_selection,20,89,0.0
rs_selection,21,16,1.0
rs_selection,21,23,0.0
rs_selection,21,24,0.0
rs_selection,21,89,0.0
rs_selection,22,16,1.0
rs_selection,22,23,0.0
rs_selection,22,24,0.0
rs_selection,22,89,0.0
rs_selection,23,16,0.0
rs_selection,23,23,1.0
rs_selection,23,24,0.0
rs_selection,23,89,0.0
rs_selection,24,16,0.0
rs_selection,24,23,0.0
rs_selection,24,24,1.0
rs_selection,24,89,0.0
rs_selection,25,16,0.0
rs_selection,25,23,1.0
rs_selection,25,24,0.0
rs_selection,25,89,0.0
rs_selection,26,16,1.0
rs_selection,26,23,0.0
rs_selection,26,24,0.0
rs_selection,26,89,0.0
rs_selection,27,16,1.0
rs_selection,27,23,0.0
rs_selection,27,24,0.0
rs_selection,27,89,0.0
rs_selection,28,16,0.0
rs_selection,28,23,0.0
rs_selection,28,24,1.0
rs_selection,28,89,0.0
rs_selection,29,16,0.0
rs_selection,29,23,1.0
rs_selection,29,24,0.0
rs_selection,29,89,0.0
rs_selection,30,16,0.0
rs_selection,30,23,0.0
rs_selection,30,24,1.0
rs_selection,30,89,0.0
rs_selection,31,16,0.0
rs_selection,31,23,0.0
rs_selection,31,24,0.0
rs_selection,31,89,1.0
rs_selection,32,16,1.0
rs_selection,32,23,0.0
rs_selection,32,24,0.0
rs_selection,32,89,0.0
rs_selection,33,16,0.0
rs_selection,33,23,0.0
rs_selection,33,24,0.0
rs_selection,33,89,1.0
rs_selection,34,16,0.0
rs_selection,34,23,1.0
rs_selection,34,24,0.0
rs_selection,34,89,0.0
rs_selection,35,16,1.0
rs_selection,35,23,0.0
rs_selection,35,24,0.0
rs_selection,35,89,0.0
rs_selection,36,16,0.0
rs_selection,36,23,1.0
rs_selection,36,24,0.0
rs_selection,36,89,0.0
rs_selection,37,16,0.0
rs_selection,37,23,1.0
rs_selection,37,24,0.0
rs_selection,37,89,0.0
rs_selection,38,16,1.0
rs_selection,38,23,0.0
rs_selection,38,24,0.0
rs_selection,38,89,0.0
rs_selection,39,16,0.0
rs_selection,39,23,0.0
rs_selection,39,24,0.0
rs_selection,39,89,1.0
rs_selection,40,16,0.0
rs_selection,40,23,1.0
rs_selection,40,24,0.0
rs_selection,40,89,0.0
rs_selection,41,16,0.0
rs_selection,41,23,0.0
rs_selection,41,24,0.0
rs_selection,41,89,1.0
rs_selection,42,16,0.0
rs_selection,42,23,0.0
rs_selection,42,24,0.0
rs_selection,42,89,1.0
rs_selection,43,16,0.0
rs_selection,43,23,0.0
rs_selection,43,24,0.0
rs_selection,43,89,1.0
rs_selection,44,16,1.0
rs_selection,44,23,0.0
rs_selection,44,24,0.0
rs_selection,44,89,0.0
rs_selection,45,16,1.0
rs_selection,45,23,0.0
rs_selection,45,24,0.0
rs_selection,45,89,0.0
rs_selection,46,16,0.0
rs_selection,46,23,0.0
rs_selection,46,24,1.0
rs_selection,46,89,0.0
rs_selection,47,16,0.0
rs_selection,47,23,0.0
rs_selection,47,24,1.0
rs_selection,47,89,0.0
rs_selection,48,16,0.0
rs_selection,48,23,0.0
rs_selection,48,24,1.0
rs_selection,48,89,0.0
rs_selection,49,16,0.0
rs_selection,49,23,0.0
rs_selection,49,24,0.0
rs_selection,49,89,1.0
rs_selection_v2,20,16,1.0
rs_selection_v2,20,23,0.0
rs_selection_v2,20,24,0.0
rs_selection_v2,20,89,0.0
rs_selection_v2,21,16,1.0
rs_selection_v2,21,23,0.0
rs_selection_v2,21,24,0.0
rs_selection_v2,21,89,0.0
rs_selection_v2,22,16,1.0
rs_selection_v2,22,23,0.0
rs_selection_v2,22,24,0.0
rs_selection_v2,22,89,0.0
rs_selection_v2,23,16,1.0
rs_selection_v2,23,23,0.0
rs_selection_v2,23,24,0.0
rs_selection_v2,23,89,0.0
rs_selection_v2,24,16,1.0
rs_selection_v2,24,23,0.0
rs_selection_v2,24,24,0.0
rs_selection_v2,24,89,0.0
rs_selection_v2,25,16,1.0
rs_selection_v2,25,23,0.0
rs_selection_v2,25,24,0.0
rs_selection_v2,25,89,0.0
rs_selection_v2,26,16,1.0
rs_selection_v2,26,23,0.0
rs_selection_v2,26,24,0.0
rs_selection_v2,26,89,0.0
rs_selection_v2,27,16,1.0
rs_selection_v2,27,23,0.0
rs_selection_v2,27,24,0.0
rs_selection_v2,27,89,0.0
rs_selection_v2,28,16,1.0
rs_selection_v2,28,23,0.0
rs_selection_v2,28,24,0.0
rs_selection_v2,28,89,0.0
rs_selection_v2,29,16,1.0
rs_selection_v2,29,23,0.0
rs_selection_v2,29,24,0.0
rs_selection_v2,29,89,0.0
rs_selection_v2,30,16,1.0
rs_selection_v2,30,23,0.0
rs_selection_v2,30,24,0.0
rs_selection_v2,30,89,0.0
rs_selection_v2,31,16,0.0
rs_selection_v2,31,23,0.0
rs_selection_v2,31,24,0.0
rs_selection_v2,31,89,1.0
rs_selection_v2,32,16,0.0
rs_selection_v2,32,23,0.0
rs_selection_v2,32,24,0.0
rs_selection_v2,32,89,1.0
rs_selection_v2,33,16,0.0
rs_selection_v2,33,23,0.0
rs_selection_v2,33,24,0.0
rs_selection_v2,33,89,1.0
rs_selection_v2,34,16,0.0
rs_selection_v2,34,23,0.0
rs_selection_v2,34,24,0.0
rs_selection_v2,34,89,1.0
rs_selection_v2,35,16,0.0
rs_selection_v2,35,23,1.0
rs_selection_v2,35,24,0.0
rs_selection_v2,35,89,0.0
rs_selection_v2,36,16,0.0
rs_selection_v2,36,23,1.0
rs_selection_v2,36,24,0.0
rs_selection_v2,36,89,0.0
rs_selection_v2,37,16,0.0
rs_selection_v2,37,23,1.0
rs_selection_v2,37,24,0.0
rs_selection_v2,37,89,0.0
rs_selection_v2,38,16,1.0
rs_selection_v2,38,23,0.0
rs_selection_v2,38,24,0.0
rs_selection_v2,38,89,0.0
rs_selection_v2,39,16,0.0
rs_selection_v2,39,23,1.0
rs_selection_v2,39,24,0.0
rs_selection_v2,39,89,0.0
rs_selection_v2,40,16,0.0
rs_selection_v2,40,23,0.0
rs_selection_v2,40,24,0.0
rs_selection_v2,40,89,1.0
rs_selection_v2,41,16,0.0
rs_selection_v2,41,23,1.0
rs_selection_v2,41,24,0.0
rs_selection_v2,41,89,0.0
rs_selection_v2,42,16,0.0
rs_selection_v2,42,23,1.0
rs_selection_v2,42,24,0.0
rs_selection_v2,42,89,0.0
rs_selection_v2,43,16,0.0
rs_selection_v2,43,23,0.0
rs_selection_v2,43,24,0.0
rs_selection_v2,43,89,1.0
rs_selection_v2,44,16,0.0
rs_selection_v2,44,23,0.0
rs_selection_v2,44,24,0.0
rs_selection_v2,44,89,1.0
rs_selection_v2,45,16,0.0
rs_selection_v2,45,23,0.0
rs_selection_v2,45,24,0.0
rs_selection_v2,45,89,1.0
rs_selection_v2,46,16,1.0
rs_selection_v2,46,23,0.0
rs_selection_v2,46,24,0.0
rs_selection_v2,46,89,0.0
rs_selection_v2,47,16,1.0
rs_selection_v2,47,23,0.0
rs_selection_v2,47,24,0.0
rs_selection_v2,47,89,0.0
rs_selection_v2,48,16,1.0
rs_selection_v2,48,23,0.0
rs_selection_v2,48,24,0.0
rs_selection_v2,48,89,0.0
rs_selection_v2,49,16,1.0
rs_selection_v2,49,23,0.0
rs_selection_v2,49,24,0.0
rs_selection_v2,49,89,0.0
bates_granger_mv,20,16,0.9999999999989997
bates_granger_mv,20,23,4.163336342340173e-17
bates_granger_mv,20,24,1.665334536936069e-16
bates_granger_mv,20,89,0.0
bates_granger_mv,21,16,0.9999999999989997
bates_granger_mv,21,23,1.665334536936069e-16
bates_granger_mv,21,24,0.0
bates_granger_mv,21,89,1.3877787807800575e-17
bates_granger_mv,22,16,0.9999999999989999
bates_granger_mv,22,23,9.540979117862898e-17
bates_granger_mv,22,24,0.0
bates_granger_mv,22,89,0.0
bates_granger_mv,23,16,0.6635623983633331
bates_granger_mv,23,23,3.2526065174532604e-18
bates_granger_mv,23,24,0.3364376016356669
bates_granger_mv,23,89,1.1926223897328622e-17
bates_granger_mv,24,16,0.6041687026595144
bates_granger_mv,24,23,0.0
bates_granger_mv,24,24,0.3958312973394857
bates_granger_mv,24,89,5.796415864644831e-17
bates_granger_mv,25,16,0.3813579554140566
bates_granger_mv,25,23,0.0
bates_granger_mv,25,24,0.6186420445849433
bates_granger_mv,25,89,0.0
bates_granger_mv,26,16,0.3348911020892002
bates_granger_mv,26,23,1.2490009027020517e-16
bates_granger_mv,26,24,0.6651088979097995
bates_granger_mv,26,89,0.0
bates_granger_mv,27,16,0.36545635332170584
bates_granger_mv,27,23,4.250072516138927e-17
bates_granger_mv,27,24,0.6345436466772941
bates_granger_mv,27,89,2.4502969098147896e-17
bates_granger_mv,28,16,0.40503195602231495
bates_granger_mv,28,23,6.268801852852299e-17
bates_granger_mv,28,24,0.594968043976685
bates_granger_mv,28,89,0.0
bates_granger_mv,29,16,0.6002016805617076
bates_granger_mv,29,23,1.056012915999825e-16
bates_granger_mv,29,24,0.3997983194372921
bates_granger_mv,29,89,0.0
bates_granger_mv,30,16,0.8132073572696299
bates_granger_mv,30,23,4.141652298890485e-17
bates_granger_mv,30,24,0.18679264272937016
bates_granger_mv,30,89,0.0
bates_granger_mv,31,16,0.7771132419493866
bates_granger_mv,31,23,4.320545657350415e-17
bates_granger_mv,31,24,0.2228867580496134
bates_granger_mv,31,89,1.7509865085623388e-17
bates_granger_mv,32,16,0.790474164036756
bates_granger_mv,32,23,1.0104764247554798e-16
bates_granger_mv,32,24,0.20952583596224392
bates_granger_mv,32,89,0.0
bates_granger_mv,33,16,0.7169002765259624
bates_granger_mv,33,23,0.0
bates_granger_mv,33,24,0.2830997234730376
bates_granger_mv,33,89,1.7347234759750722e-18
bates_granger_mv,34,16,0.8691699175283367
bates_granger_mv,34,23,8.047300042852474e-17
bates_granger_mv,34,24,0.06894889654880539
bates_granger_mv,34,89,0.06188118592185763
bates_granger_mv,35,16,0.8989042389524359
bates_granger_mv,35,23,0.0
bates_granger_mv,35,24,0.0
bates_granger_mv,35,89,0.10109576104656405
bates_granger_mv,36,16,0.7963115407527409
bates_granger_mv,36,23,1.6371452804514745e-17
bates_granger_mv,36,24,0.16233670933070857
bates_granger_mv,36,89,0.04135174991555049
bates_granger_mv,37,16,0.7571816635950575
bates_granger_mv,37,23,0.0
bates_granger_mv,37,24,0.24281833640394254
bates_granger_mv,37,89,0.0
bates_granger_mv,38,16,0.5855667067434639
bates_granger_mv,38,23,0.0
bates_granger_mv,38,24,0.1891148126052995
bates_granger_mv,38,89,0.22531848065023646
bates_granger_mv,39,16,0.3354926286095744
bates_granger_mv,39,23,4.203273945803175e-17
bates_granger_mv,39,24,0.06604397063913825
bates_granger_mv,39,89,0.5984634007502873
bates_granger_mv,40,16,0.20588444630145014
bates_granger_mv,40,23,1.561251128377565e-16
bates_granger_mv,40,24,0.0
bates_granger_mv,40,89,0.7941155536975497
bates_granger_mv,41,16,0.0
bates_granger_mv,41,23,8.326672684680347e-17
bates_granger_mv,41,24,6.954708718999206e-18
bates_granger_mv,41,89,0.9999999999989999
bates_granger_mv,42,16,0.0
bates_granger_mv,42,23,3.7470027081061543e-16
bates_granger_mv,42,24,2.1773879773118388e-16
bates_granger_mv,42,89,0.9999999999989994
bates_granger_mv,43,16,0.47437658399535004
bates_granger_mv,43,23,5.442694905871789e-17
bates_granger_mv,43,24,0.0
bates_granger_mv,43,89,0.5256234160036499
bates_granger_mv,44,16,0.9999999999989997
bates_granger_mv,44,23,0.0
bates_granger_mv,44,24,0.0
bates_granger_mv,44,89,1.3877787807800575e-16
bates_granger_mv,45,16,0.9999999999989987
bates_granger_mv,45,23,6.938893903900289e-16
bates_granger_mv,45,24,1.942890293092081e-16
bates_granger_mv,45,89,3.12250225675513e-16
bates_granger_mv,46,16,0.9999999999989996
bates_granger_mv,46,23,0.0
bates_granger_mv,46,24,4.1633363423401723e-16
bates_granger_mv,46,89,0.0
bates_granger_mv,47,16,0.9999999999989991
bates_granger_mv,47,23,0.0
bates_granger_mv,47,24,7.4940054162123105e-16
bates_granger_mv,47,89,0.0
bates_granger_mv,48,16,0.9013848635105317
bates_granger_mv,48,23,4.1633363423401733e-17
bates_granger_mv,48,24,0.09861513648846813
bates_granger_mv,48,89,0.0
bates_granger_mv,49,16,0.9999999999989992
bates_granger_mv,49,23,7.528699885731808e-16
bates_granger_mv,49,24,0.0
bates_granger_mv,49,89,0.0
var_error,20,16,3.053113317716127e-16
var_error,20,23,5.551115123120231e-17
var_error,20,24,0.9999999999989992
var_error,20,89,3.60822483002815e-16
var_error,21,16,0.9999999999989999
var_error,21,23,0.0
var_error,21,24,0.0
var_error,21,89,0.0
var_error,22,16,0.3841422876978648
var_error,22,23,0.6158577123011351
var_error,22,24,0.0
var_error,22,89,9.118140270593974e-17
var_error,23,16,0.3037678439215071
var_error,23,23,0.3594571759172047
var_error,23,24,0.33677498016028806
var_error,23,89,8.055283328380338e-18
var_error,24,16,0.18063396385065825
var_error,24,23,0.3842389117499828
var_error,24,24,0.41245319483813464
var_error,24,89,0.02267392956022415
var_error,25,16,3.3034284942884674e-19
var_error,25,23,0.0011738259955059512
var_error,25,24,0.5276534044955374
var_error,25,89,0.47117276950795656
var_error,26,16,0.006332417523656856
var_error,26,23,0.6944671556490339
var_error,26,24,0.2992004268263092
var_error,26,89,8.239936510881594e-18
var_error,27,16,0.04891294438065515
var_error,27,23,0.3507861641656498
var_error,27,24,0.44750960484342295
var_error,27,89,0.15279128660927202
var_error,28,16,0.3413142699945188
var_error,28,23,3.960754913416913e-16
var_error,28,24,0.5209135247610661
var_error,28,89,0.13777220524341469
var_error,29,16,5.0306980803277104e-17
var_error,29,23,0.0
var_error,29,24,0.732725609926795
var_error,29,89,0.26727439007220505
var_error,30,16,2.2132653274377513e-17
var_error,30,23,0.42695134609019086
var_error,30,24,0.5492453530075614
var_error,30,89,0.023803300901247725
var_error,31,16,0.0
var_error,31,23,0.5557741232674528
var_error,31,24,0.44422587673154706
var_error,31,89,0.0
var_error,32,16,0.30161656756561794
var_error,32,23,0.5642686130981655
var_error,32,24,0.13411481933521657
var_error,32,89,0.0
var_error,33,16,0.0
var_error,33,23,3.9898639947426664e-17
var_error,33,24,0.9999999999989999
var_error,33,89,0.0
var_error,34,16,0.16920222566441662
var_error,34,23,0.7766544294981201
var_error,34,24,4.4164297869795054e-18
var_error,34,89,0.05414334483646313
var_error,35,16,0.9999999999989998
var_error,35,23,1.3877787807800578e-16
var_error,35,24,8.326672684680347e-17
var_error,35,89,0.0
var_error,36,16,0.9999999999989998
var_error,36,23,2.7755575615601155e-17
var_error,36,24,2.2204460492480924e-16
var_error,36,89,0.0
var_error,37,16,0.9999999999989996
var_error,37,23,3.885780586184162e-16
var_error,37,24,5.551115123120231e-17
var_error,37,89,0.0
var_error,38,16,3.6429192995476484e-16
var_error,38,23,0.0
var_error,38,24,0.9999999999989988
var_error,38,89,5.585655830103612e-16
var_error,39,16,0.0
var_error,39,23,0.7457268340321868
var_error,39,24,4.843607733745763e-18
var_error,39,89,0.2542731659668131
var_error,40,16,0.0
var_error,40,23,0.9999999999989997
var_error,40,24,2.1261220594710535e-17
var_error,40,89,1.2490009027020517e-16
var_error,41,16,0.9999999999989998
var_error,41,23,1.4305766765735658e-16
var_error,41,24,0.0
var_error,41,89,8.326672684680347e-17
var_error,42,16,0.0
var_error,42,23,1.079691891446878e-14
var_error,42,24,0.0
var_error,42,89,0.999999999998989
var_error,43,16,0.9999999999989999
var_error,43,23,0.0
var_error,43,24,0.0
var_error,43,89,0.0
var_error,44,16,0.9999999999989999
var_error,44,23,0.0
var_error,44,24,0.0
var_error,44,89,0.0
var_error,45,16,0.9999999999989999
var_error,45,23,0.0
var_error,45,24,0.0
var_error,45,89,0.0
var_error,46,16,0.9999999999989999
var_error,46,23,0.0
var_error,46,24,0.0
var_error,46,89,0.0
var_error,47,16,0.30514380383712375
var_error,47,23,0.4046933508200277
var_error,47,24,0.0
var_error,47,89,0.29016284534184844
var_error,48,16,0.0
var_error,48,23,0.2855226118275419
var_error,48,24,0.34167775938004297
var_error,48,89,0.372799628791415
var_error,49,16,5.551115123120229e-16
var_error,49,23,0.0
var_error,49,24,0.0
var_error,49,89,0.9999999999989995
recent_best,20,16,1.0
recent_best,20,23,0.0
recent_best,20,24,0.0
recent_best,20,89,0.0
recent_best,21,16,1.0
recent_best,21,23,0.0
recent_best,21,24,0.0
recent_best,21,89,0.0
recent_best,22,16,1.0
recent_best,22,23,0.0
recent_best,22,24,0.0
recent_best,22,89,0.0
recent_best,23,16,1.0
recent_best,23,23,0.0
recent_best,23,24,0.0
recent_best,23,89,0.0
recent_best,24,16,1.0
recent_best,24,23,0.0
recent_best,24,24,0.0
recent_best,24,89,0.0
recent_best,25,16,1.0
recent_best,25,23,0.0
recent_best,25,24,0.0
recent_best,25,89,0.0
recent_best,26,16,1.0
recent_best,26,23,0.0
recent_best,26,24,0.0
recent_best,26,89,0.0
recent_best,27,16,1.0
recent_best,27,23,0.0
recent_best,27,24,0.0
recent_best,27,89,0.0
recent_best,28,16,1.0
recent_best,28,23,0.0
recent_best,28,24,0.0
recent_best,28,89,0.0
recent_best,29,16,0.0
recent_best,29,23,0.0
recent_best,29,24,0.0
recent_best,29,89,1.0
recent_best,30,16,0.0
recent_best,30,23,0.0
recent_best,30,24,0.0
recent_best,30,89,1.0
recent_best,31,16,0.0
recent_best,31,23,0.0
recent_best,31,24,0.0
recent_best,31,89,1.0
recent_best,32,16,0.0
recent_best,32,23,0.0
recent_best,32,24,0.0
recent_best,32,89,1.0
recent_best,33,16,0.0
recent_best,33,23,0.0
recent_best,33,24,0.0
recent_best,33,89,1.0
recent_best,34,16,0.0
recent_best,34,23,0.0
recent_best,34,24,0.0
recent_best,34,89,1.0
recent_best,35,16,0.0
recent_best,35,23,1.0
recent_best,35,24,0.0
recent_best,35,89,0.0
recent_best,36,16,0.0
recent_best,36,23,1.0
recent_best,36,24,0.0
recent_best,36,89,0.0
recent_best,37,16,1.0
recent_best,37,23,0.0
recent_best,37,24,0.0
recent_best,37,89,0.0
recent_best,38,16,1.0
recent_best,38,23,0.0
recent_best,38,24,0.0
recent_best,38,89,0.0
recent_best,39,16,0.0
recent_best,39,23,1.0
recent_best,39,24,0.0
recent_best,39,89,0.0
recent_best,40,16,1.0
recent_best,40,23,0.0
recent_best,40,24,0.0
recent_best,40,89,0.0
recent_best,41,16,0.0
recent_best,41,23,0.0
recent_best,41,24,0.0
recent_best,41,89,1.0
recent_best,42,16,0.0
recent_best,42,23,0.0
recent_best,42,24,0.0
recent_best,42,89,1.0
recent_best,43,16,0.0
recent_best,43,23,0.0
recent_best,43,24,0.0
recent_best,43,89,1.0
recent_best,44,16,1.0
recent_best,44,23,0.0
recent_best,44,24,0.0
recent_best,44,89,0.0
recent_best,45,16,1.0
recent_best,45,23,0.0
recent_best,45,24,0.0
recent_best,45,89,0.0
recent_best,46,16,1.0
recent_best,46,23,0.0
recent_best,46,24,0.0
recent_best,46,89,0.0
recent_best,47,16,1.0
recent_best,47,23,0.0
recent_best,47,24,0.0
recent_best,47,89,0.0
recent_best,48,16,1.0
recent_best,48,23,0.0
recent_best,48,24,0.0
recent_best,48,89,0.0
recent_best,49,16,1.0
recent_best,49,23,0.0
recent_best,49,24,0.0
recent_best,49,89,0.0
equal,20,16,0.25
equal,20,23,0.25
equal,20,24,0.25
equal,20,89,0.25
equal,21,16,0.25
equal,21,23,0.25
equal,21,24,0.25
equal,21,89,0.25
equal,22,16,0.25
equal,22,23,0.25
equal,22,24,0.25
equal,22,89,0.25
equal,23,16,0.25
equal,23,23,0.25
equal,23,24,0.25
equal,23,89,0.25
equal,24,16,0.25
equal,24,23,0.25
equal,24,24,0.25
equal,24,89,0.25
equal,25,16,0.25
equal,25,23,0.25
equal,25,24,0.25
equal,25,89,0.25
equal,26,16,0.25
equal,26,23,0.25
equal,26,24,0.25
equal,26,89,0.25
equal,27,16,0.25
equal,27,23,0.25
equal,27,24,0.25
equal,27,89,0.25
equal,28,16,0.25
equal,28,23,0.25
equal,28,24,0.25
equal,28,89,0.25
equal,29,16,0.25
equal,29,23,0.25
equal,29,24,0.25
equal,29,89,0.25
equal,30,16,0.25
equal,30,23,0.25
equal,30,24,0.25
equal,30,89,0.25
equal,31,16,0.25
equal,31,23,0.25
equal,31,24,0.25
equal,31,89,0.25
equal,32,16,0.25
equal,32,23,0.25
equal,32,24,0.25
equal,32,89,0.25
equal,33,16,0.25
equal,33,23,0.25
equal,33,24,0.25
equal,33,89,0.25
equal,34,16,0.25
equal,34,23,0.25
equal,34,24,0.25
equal,34,89,0.25
equal,35,16,0.25
equal,35,23,0.25
equal,35,24,0.25
equal,35,89,0.25
equal,36,16,0.25
equal,36,23,0.25
equal,36,24,0.25
equal,36,89,0.25
equal,37,16,0.25
equal,37,23,0.25
equal,37,24,0.25
equal,37,89,0.25
equal,38,16,0.25
equal,38,23,0.25
equal,38,24,0.25
equal,38,89,0.25
equal,39,16,0.25
equal,39,23,0.25
equal,39,24,0.25
equal,39,89,0.25
equal,40,16,0.25
equal,40,23,0.25
equal,40,24,0.25
equal,40,89,0.25
equal,41,16,0.25
equal,41,23,0.25
equal,41,24,0.25
equal,41,89,0.25
equal,42,16,0.25
equal,42,23,0.25
equal,42,24,0.25
equal,42,89,0.25
equal,43,16,0.25
equal,43,23,0.25
equal,43,24,0.25
equal,43,89,0.25
equal,44,16,0.25
equal,44,23,0.25
equal,44,24,0.25
equal,44,89,0.25
equal,45,16,0.25
equal,45,23,0.25
equal,45,24,0.25
equal,45,89,0.25
equal,46,16,0.25
equal,46,23,0.25
equal,46,24,0.25
equal,46,89,0.25
equal,47,16,0.25
equal,47,23,0.25
equal,47,24,0.25
equal,47,89,0.25
equal,48,16,0.25
equal,48,23,0.25
equal,48,24,0.25
equal,48,89,0.25
equal,49,16,0.25
equal,49,23,0.25
equal,49,24,0.25
equal,49,89,0.25
